run,n_seeds,fresh_mean,fresh_std,arrival_mean,arrival_std,f1_mean,f1_std,eos_mean,eos_std,updates_mean,p99_mean,p99_std
FullAlways,3,1.0,0.0,0.39428885127264524,0.06801601080217713,0.5059338808730915,0.025387672371843615,0.42095015364198823,0.07457460588461629,12226140.0,228.13736549811435,6.45973274322483
LocalAlways,3,1.0,0.0,0.39428884959377414,0.06801601187022402,0.5059338808730915,0.025387672371843615,0.42095015364198823,0.0745746058846163,178883.0,23.566145471607637,0.8163175844037303
LocalAdaptive t=0.05,3,1.0,0.0,0.39428884959377414,0.06801601187022402,0.5059338808730915,0.025387672371843615,0.4208637903622348,0.07458137076549086,152649.0,25.614627536075805,1.3183717399324375
LocalAdaptive t=0.15,3,0.9266346730653869,0.0,0.3875748482542947,0.06307191666559535,0.5218060816510678,0.029535786146122713,0.4197833424259949,0.07425509757568786,125226.0,29.610649917740375,0.43746750601199097
LocalAdaptive t=0.25,3,0.8049190161967607,0.0,0.4110199342324093,0.06368061126282454,0.5367383165323841,0.03566467964219232,0.4188605559496117,0.07447326394422364,112439.0,32.02858368400484,2.172857487118705
LocalAdaptive t=0.35,3,0.7077984403119376,0.0,0.43923175445760815,0.06476234386723066,0.552190491637962,0.039568973648196275,0.41618367193506584,0.0743183604932846,98723.0,34.810031779731304,0.310960832033736
LocalAdaptive t=0.5,3,0.1665866826634673,0.0,0.4960405337702107,0.06602231108347296,0.5737594201470054,0.0438140054403506,0.41443623126972734,0.07375080855286954,69641.0,54.11001551508275,0.4295315047555865
LocalPeriodic N=5,3,0.19622075584883023,0.0,0.4625478251672923,0.05262550369658333,0.5643393783597906,0.03482647619707132,0.42095015364198823,0.0745746058846163,92923.0,28.840562949577958,0.7898570137639113
NoRefresh,3,0.0,0.0,0.5374556911017155,0.056659156402146124,0.579542368130802,0.04264625797788806,0.5374556911017155,0.056659156402146124,0.0,13.541461477677025,0.13874710129800724
